{"schema": {"fields":[{"name":"index","type":"integer"},{"name":"budget","type":"number"},{"name":"genre","type":"string"},{"name":"imdb_score","type":"number"},{"name":"index","type":"integer"},{"name":"movie_title","type":"string"}],"primaryKey":["index"],"pandas_version":"0.20.0"}, "data": [{"level_0":0,"budget":100000000.0,"genre":"Western","imdb_score":8.5,"index":0,"movie_title":"Django Unchained"},{"level_0":1,"budget":38000000.0,"genre":"Western","imdb_score":7.7,"index":1,"movie_title":"True Grit"},{"level_0":2,"budget":165000000.0,"genre":"Animation","imdb_score":7.9,"index":2,"movie_title":"Big Hero 6"},{"level_0":3,"budget":69000000.0,"genre":"Animation","imdb_score":7.7,"index":3,"movie_title":"Despicable Me"},{"level_0":4,"budget":145000000.0,"genre":"Animation","imdb_score":7.9,"index":4,"movie_title":"How to Train Your Dragon 2"},{"level_0":5,"budget":165000000.0,"genre":"Animation","imdb_score":8.2,"index":5,"movie_title":"How to Train Your Dragon"},{"level_0":6,"budget":175000000.0,"genre":"Animation","imdb_score":8.3,"index":6,"movie_title":"Inside Out"},{"level_0":7,"budget":260000000.0,"genre":"Animation","imdb_score":7.8,"index":7,"movie_title":"Tangled"},{"level_0":8,"budget":60000000.0,"genre":"Animation","imdb_score":7.8,"index":8,"movie_title":"The Lego Movie"},{"level_0":9,"budget":81200000.0,"genre":"Animation","imdb_score":7.8,"index":9,"movie_title":"The Little Prince"},{"level_0":10,"budget":200000000.0,"genre":"Animation","imdb_score":8.3,"index":10,"movie_title":"Toy Story 3"},{"level_0":11,"budget":165000000.0,"genre":"Animation","imdb_score":7.8,"index":11,"movie_title":"Wreck-It Ralph"},{"level_0":12,"budget":15000000.0,"genre":"Mystery","imdb_score":7.7,"index":12,"movie_title":"Ex Machina"},{"level_0":13,"budget":61000000.0,"genre":"Mystery","imdb_score":8.1,"index":13,"movie_title":"Gone Girl"},{"level_0":14,"budget":46000000.0,"genre":"Mystery","imdb_score":8.1,"index":14,"movie_title":"Prisoners"},{"level_0":15,"budget":80000000.0,"genre":"Mystery","imdb_score":8.1,"index":15,"movie_title":"Shutter Island"},{"level_0":16,"budget":90000000.0,"genre":"Mystery","imdb_score":7.8,"index":16,"movie_title":"The Girl with the Dragon Tattoo"},{"level_0":17,"budget":130000000.0,"genre":"Mystery","imdb_score":7.6,"index":17,"movie_title":"The Hunger Games: Catching Fire"},{"level_0":18,"budget":null,"genre":"Horror","imdb_score":7.6,"index":18,"movie_title":"Tucker and Dale vs Evil"},{"level_0":19,"budget":170000000.0,"genre":"Family","imdb_score":7.5,"index":19,"movie_title":"Hugo"},{"level_0":20,"budget":8000000.0,"genre":"Comedy","imdb_score":7.7,"index":20,"movie_title":"50\/50"},{"level_0":21,"budget":12000000.0,"genre":"Comedy","imdb_score":7.8,"index":21,"movie_title":"About Time"},{"level_0":22,"budget":18000000.0,"genre":"Comedy","imdb_score":7.8,"index":22,"movie_title":"Birdman or (The Unexpected Virtue of Ignorance)"},{"level_0":23,"budget":58000000.0,"genre":"Comedy","imdb_score":8.1,"index":23,"movie_title":"Deadpool"},{"level_0":24,"budget":69000000.0,"genre":"Comedy","imdb_score":7.7,"index":24,"movie_title":"Despicable Me"},{"level_0":25,"budget":14000000.0,"genre":"Comedy","imdb_score":7.7,"index":25,"movie_title":"Flipped"},{"level_0":26,"budget":175000000.0,"genre":"Comedy","imdb_score":8.3,"index":26,"movie_title":"Inside Out"},{"level_0":27,"budget":30000000.0,"genre":"Comedy","imdb_score":7.7,"index":27,"movie_title":"Kick-Ass"},{"level_0":28,"budget":17000000.0,"genre":"Comedy","imdb_score":7.7,"index":28,"movie_title":"Midnight in Paris"},{"level_0":29,"budget":16000000.0,"genre":"Comedy","imdb_score":7.8,"index":29,"movie_title":"Moonrise Kingdom"},{"level_0":30,"budget":12000000.0,"genre":"Comedy","imdb_score":7.8,"index":30,"movie_title":"Nebraska"},{"level_0":31,"budget":60000000.0,"genre":"Comedy","imdb_score":7.5,"index":31,"movie_title":"Scott Pilgrim vs. the World"},{"level_0":32,"budget":21000000.0,"genre":"Comedy","imdb_score":7.8,"index":32,"movie_title":"Silver Linings Playbook"},{"level_0":33,"budget":260000000.0,"genre":"Comedy","imdb_score":7.8,"index":33,"movie_title":"Tangled"},{"level_0":34,"budget":15000000.0,"genre":"Comedy","imdb_score":8.0,"index":34,"movie_title":"The Artist"},{"level_0":35,"budget":28000000.0,"genre":"Comedy","imdb_score":7.8,"index":35,"movie_title":"The Big Short"},{"level_0":36,"budget":25000000.0,"genre":"Comedy","imdb_score":8.1,"index":36,"movie_title":"The Grand Budapest Hotel"},{"level_0":37,"budget":100000000.0,"genre":"Comedy","imdb_score":8.2,"index":37,"movie_title":"The Wolf of Wall Street"},{"level_0":38,"budget":200000000.0,"genre":"Comedy","imdb_score":8.3,"index":38,"movie_title":"Toy Story 3"},{"level_0":39,"budget":null,"genre":"Comedy","imdb_score":7.6,"index":39,"movie_title":"Tucker and Dale vs Evil"},{"level_0":40,"budget":165000000.0,"genre":"Comedy","imdb_score":7.8,"index":40,"movie_title":"Wreck-It Ralph"},{"level_0":41,"budget":15000000.0,"genre":"Crime","imdb_score":7.8,"index":41,"movie_title":"Drive"},{"level_0":42,"budget":7000000.0,"genre":"Crime","imdb_score":7.7,"index":42,"movie_title":"End of Watch"},{"level_0":43,"budget":61000000.0,"genre":"Crime","imdb_score":8.1,"index":43,"movie_title":"Gone Girl"},{"level_0":44,"budget":8500000.0,"genre":"Crime","imdb_score":7.9,"index":44,"movie_title":"Nightcrawler"},{"level_0":45,"budget":46000000.0,"genre":"Crime","imdb_score":8.1,"index":45,"movie_title":"Prisoners"},{"level_0":46,"budget":30000000.0,"genre":"Crime","imdb_score":7.6,"index":46,"movie_title":"Sicario"},{"level_0":47,"budget":20000000.0,"genre":"Crime","imdb_score":8.1,"index":47,"movie_title":"Spotlight"},{"level_0":48,"budget":90000000.0,"genre":"Crime","imdb_score":7.8,"index":48,"movie_title":"The Girl with the Dragon Tattoo"},{"level_0":49,"budget":37000000.0,"genre":"Crime","imdb_score":7.6,"index":49,"movie_title":"The Town"},{"level_0":50,"budget":100000000.0,"genre":"Crime","imdb_score":8.2,"index":50,"movie_title":"The Wolf of Wall Street"},{"level_0":51,"budget":12000000.0,"genre":"Fantasy","imdb_score":7.8,"index":51,"movie_title":"About Time"},{"level_0":52,"budget":17000000.0,"genre":"Fantasy","imdb_score":7.7,"index":52,"movie_title":"Midnight in Paris"},{"level_0":53,"budget":180000000.0,"genre":"Fantasy","imdb_score":7.9,"index":53,"movie_title":"The Hobbit: An Unexpected Journey"},{"level_0":54,"budget":225000000.0,"genre":"Fantasy","imdb_score":7.9,"index":54,"movie_title":"The Hobbit: The Desolation of Smaug"},{"level_0":55,"budget":13000000.0,"genre":"Thriller","imdb_score":8.0,"index":55,"movie_title":"Black Swan"},{"level_0":56,"budget":40000000.0,"genre":"Thriller","imdb_score":7.6,"index":56,"movie_title":"Bridge of Spies"},{"level_0":57,"budget":55000000.0,"genre":"Thriller","imdb_score":7.9,"index":57,"movie_title":"Captain Phillips"},{"level_0":58,"budget":7000000.0,"genre":"Thriller","imdb_score":7.7,"index":58,"movie_title":"End of Watch"},{"level_0":59,"budget":100000000.0,"genre":"Thriller","imdb_score":7.8,"index":59,"movie_title":"Gravity"},{"level_0":60,"budget":8500000.0,"genre":"Thriller","imdb_score":7.9,"index":60,"movie_title":"Nightcrawler"},{"level_0":61,"budget":80000000.0,"genre":"Thriller","imdb_score":8.1,"index":61,"movie_title":"Shutter Island"},{"level_0":62,"budget":200000000.0,"genre":"Thriller","imdb_score":7.8,"index":62,"movie_title":"Skyfall"},{"level_0":63,"budget":200000000.0,"genre":"Thriller","imdb_score":7.8,"index":63,"movie_title":"Skyfall"},{"level_0":64,"budget":250000000.0,"genre":"Thriller","imdb_score":8.5,"index":64,"movie_title":"The Dark Knight Rises"},{"level_0":65,"budget":14000000.0,"genre":"Thriller","imdb_score":8.1,"index":65,"movie_title":"The Imitation Game"},{"level_0":66,"budget":135000000.0,"genre":"Thriller","imdb_score":8.1,"index":66,"movie_title":"The Revenant"},{"level_0":67,"budget":37000000.0,"genre":"Thriller","imdb_score":7.6,"index":67,"movie_title":"The Town"},{"level_0":68,"budget":35000000.0,"genre":"Sport","imdb_score":7.7,"index":68,"movie_title":"Creed"},{"level_0":69,"budget":50000000.0,"genre":"Sport","imdb_score":7.6,"index":69,"movie_title":"Moneyball"},{"level_0":70,"budget":25000000.0,"genre":"Sport","imdb_score":8.2,"index":70,"movie_title":"Warrior"},{"level_0":71,"budget":20000000.0,"genre":"History","imdb_score":8.1,"index":71,"movie_title":"12 Years a Slave"},{"level_0":72,"budget":40000000.0,"genre":"History","imdb_score":7.6,"index":72,"movie_title":"Bridge of Spies"},{"level_0":73,"budget":20000000.0,"genre":"History","imdb_score":8.1,"index":73,"movie_title":"Spotlight"},{"level_0":74,"budget":28000000.0,"genre":"History","imdb_score":7.9,"index":74,"movie_title":"Straight Outta Compton"},{"level_0":75,"budget":8000000.0,"genre":"Romance","imdb_score":7.7,"index":75,"movie_title":"50\/50"},{"level_0":76,"budget":8900000.0,"genre":"Romance","imdb_score":7.9,"index":76,"movie_title":"Amour"},{"level_0":77,"budget":3000000.0,"genre":"Romance","imdb_score":7.9,"index":77,"movie_title":"Before Midnight"},{"level_0":78,"budget":14000000.0,"genre":"Romance","imdb_score":7.7,"index":78,"movie_title":"Flipped"},{"level_0":79,"budget":23000000.0,"genre":"Romance","imdb_score":8.0,"index":79,"movie_title":"Her"},{"level_0":80,"budget":17000000.0,"genre":"Romance","imdb_score":7.7,"index":80,"movie_title":"Midnight in Paris"},{"level_0":81,"budget":60000000.0,"genre":"Romance","imdb_score":7.5,"index":81,"movie_title":"Scott Pilgrim vs. the World"},{"level_0":82,"budget":21000000.0,"genre":"Romance","imdb_score":7.8,"index":82,"movie_title":"Silver Linings Playbook"},{"level_0":83,"budget":15000000.0,"genre":"Romance","imdb_score":8.0,"index":83,"movie_title":"The Artist"},{"level_0":84,"budget":12000000.0,"genre":"Romance","imdb_score":7.8,"index":84,"movie_title":"The Fault in Our Stars"},{"level_0":85,"budget":13000000.0,"genre":"Romance","imdb_score":8.0,"index":85,"movie_title":"The Perks of Being a Wallflower"},{"level_0":86,"budget":15000000.0,"genre":"Romance","imdb_score":7.7,"index":86,"movie_title":"The Theory of Everything"},{"level_0":87,"budget":250000000.0,"genre":"Sci-Fi","imdb_score":8.2,"index":87,"movie_title":"Captain America: Civil War"},{"level_0":88,"budget":170000000.0,"genre":"Sci-Fi","imdb_score":7.8,"index":88,"movie_title":"Captain America: The Winter Soldier"},{"level_0":89,"budget":178000000.0,"genre":"Sci-Fi","imdb_score":7.9,"index":89,"movie_title":"Edge of Tomorrow"},{"level_0":90,"budget":15000000.0,"genre":"Sci-Fi","imdb_score":7.7,"index":90,"movie_title":"Ex Machina"},{"level_0":91,"budget":100000000.0,"genre":"Sci-Fi","imdb_score":7.8,"index":91,"movie_title":"Gravity"},{"level_0":92,"budget":170000000.0,"genre":"Sci-Fi","imdb_score":8.1,"index":92,"movie_title":"Guardians of the Galaxy"},{"level_0":93,"budget":23000000.0,"genre":"Sci-Fi","imdb_score":8.0,"index":93,"movie_title":"Her"},{"level_0":94,"budget":160000000.0,"genre":"Sci-Fi","imdb_score":8.8,"index":94,"movie_title":"Inception"},{"level_0":95,"budget":165000000.0,"genre":"Sci-Fi","imdb_score":8.6,"index":95,"movie_title":"Interstellar"},{"level_0":96,"budget":150000000.0,"genre":"Sci-Fi","imdb_score":8.1,"index":96,"movie_title":"Mad Max: Fury Road"},{"level_0":97,"budget":93000000.0,"genre":"Sci-Fi","imdb_score":7.6,"index":97,"movie_title":"Rise of the Planet of the Apes"},{"level_0":98,"budget":190000000.0,"genre":"Sci-Fi","imdb_score":7.8,"index":98,"movie_title":"Star Trek Into Darkness"},{"level_0":99,"budget":220000000.0,"genre":"Sci-Fi","imdb_score":8.1,"index":99,"movie_title":"The Avengers"},{"level_0":100,"budget":220000000.0,"genre":"Sci-Fi","imdb_score":8.1,"index":100,"movie_title":"The Avengers"},{"level_0":101,"budget":108000000.0,"genre":"Sci-Fi","imdb_score":8.1,"index":101,"movie_title":"The Martian"},{"level_0":102,"budget":200000000.0,"genre":"Sci-Fi","imdb_score":8.0,"index":102,"movie_title":"X-Men: Days of Future Past"},{"level_0":103,"budget":160000000.0,"genre":"Sci-Fi","imdb_score":7.8,"index":103,"movie_title":"X-Men: First Class"},{"level_0":104,"budget":68000000.0,"genre":"War","imdb_score":7.6,"index":104,"movie_title":"Fury"},{"level_0":105,"budget":19000000.0,"genre":"War","imdb_score":7.6,"index":105,"movie_title":"The Book Thief"},{"level_0":106,"budget":20000000.0,"genre":"Drama","imdb_score":8.1,"index":106,"movie_title":"12 Years a Slave"},{"level_0":107,"budget":18000000.0,"genre":"Drama","imdb_score":7.6,"index":107,"movie_title":"127 Hours"},{"level_0":108,"budget":8000000.0,"genre":"Drama","imdb_score":7.7,"index":108,"movie_title":"50\/50"},{"level_0":109,"budget":12000000.0,"genre":"Drama","imdb_score":7.8,"index":109,"movie_title":"About Time"},{"level_0":110,"budget":8900000.0,"genre":"Drama","imdb_score":7.9,"index":110,"movie_title":"Amour"},{"level_0":111,"budget":44500000.0,"genre":"Drama","imdb_score":7.7,"index":111,"movie_title":"Argo"},{"level_0":112,"budget":3000000.0,"genre":"Drama","imdb_score":7.9,"index":112,"movie_title":"Before Midnight"},{"level_0":113,"budget":18000000.0,"genre":"Drama","imdb_score":7.8,"index":113,"movie_title":"Birdman or (The Unexpected Virtue of Ignorance)"},{"level_0":114,"budget":13000000.0,"genre":"Drama","imdb_score":8.0,"index":114,"movie_title":"Black Swan"},{"level_0":115,"budget":4000000.0,"genre":"Drama","imdb_score":8.0,"index":115,"movie_title":"Boyhood"},{"level_0":116,"budget":40000000.0,"genre":"Drama","imdb_score":7.6,"index":116,"movie_title":"Bridge of Spies"},{"level_0":117,"budget":55000000.0,"genre":"Drama","imdb_score":7.9,"index":117,"movie_title":"Captain Phillips"},{"level_0":118,"budget":35000000.0,"genre":"Drama","imdb_score":7.7,"index":118,"movie_title":"Creed"},{"level_0":119,"budget":5000000.0,"genre":"Drama","imdb_score":8.0,"index":119,"movie_title":"Dallas Buyers Club"},{"level_0":120,"budget":170000000.0,"genre":"Drama","imdb_score":7.6,"index":120,"movie_title":"Dawn of the Planet of the Apes"},{"level_0":121,"budget":100000000.0,"genre":"Drama","imdb_score":8.5,"index":121,"movie_title":"Django Unchained"},{"level_0":122,"budget":15000000.0,"genre":"Drama","imdb_score":7.8,"index":122,"movie_title":"Drive"},{"level_0":123,"budget":7000000.0,"genre":"Drama","imdb_score":7.7,"index":123,"movie_title":"End of Watch"},{"level_0":124,"budget":15000000.0,"genre":"Drama","imdb_score":7.7,"index":124,"movie_title":"Ex Machina"},{"level_0":125,"budget":14000000.0,"genre":"Drama","imdb_score":7.7,"index":125,"movie_title":"Flipped"},{"level_0":126,"budget":68000000.0,"genre":"Drama","imdb_score":7.6,"index":126,"movie_title":"Fury"},{"level_0":127,"budget":61000000.0,"genre":"Drama","imdb_score":8.1,"index":127,"movie_title":"Gone Girl"},{"level_0":128,"budget":100000000.0,"genre":"Drama","imdb_score":7.8,"index":128,"movie_title":"Gravity"},{"level_0":129,"budget":23000000.0,"genre":"Drama","imdb_score":8.0,"index":129,"movie_title":"Her"},{"level_0":130,"budget":170000000.0,"genre":"Drama","imdb_score":7.5,"index":130,"movie_title":"Hugo"},{"level_0":131,"budget":165000000.0,"genre":"Drama","imdb_score":8.6,"index":131,"movie_title":"Interstellar"},{"level_0":132,"budget":40000000.0,"genre":"Drama","imdb_score":7.6,"index":132,"movie_title":"Lone Survivor"},{"level_0":133,"budget":50000000.0,"genre":"Drama","imdb_score":7.6,"index":133,"movie_title":"Moneyball"},{"level_0":134,"budget":16000000.0,"genre":"Drama","imdb_score":7.8,"index":134,"movie_title":"Moonrise Kingdom"},{"level_0":135,"budget":12000000.0,"genre":"Drama","imdb_score":7.8,"index":135,"movie_title":"Nebraska"},{"level_0":136,"budget":8500000.0,"genre":"Drama","imdb_score":7.9,"index":136,"movie_title":"Nightcrawler"},{"level_0":137,"budget":12000000.0,"genre":"Drama","imdb_score":7.6,"index":137,"movie_title":"Philomena"},{"level_0":138,"budget":46000000.0,"genre":"Drama","imdb_score":8.1,"index":138,"movie_title":"Prisoners"},{"level_0":139,"budget":93000000.0,"genre":"Drama","imdb_score":7.6,"index":139,"movie_title":"Rise of the Planet of the Apes"},{"level_0":140,"budget":38000000.0,"genre":"Drama","imdb_score":8.1,"index":140,"movie_title":"Rush"},{"level_0":141,"budget":30000000.0,"genre":"Drama","imdb_score":7.6,"index":141,"movie_title":"Sicario"},{"level_0":142,"budget":21000000.0,"genre":"Drama","imdb_score":7.8,"index":142,"movie_title":"Silver Linings Playbook"},{"level_0":143,"budget":20000000.0,"genre":"Drama","imdb_score":8.1,"index":143,"movie_title":"Spotlight"},{"level_0":144,"budget":28000000.0,"genre":"Drama","imdb_score":7.9,"index":144,"movie_title":"Straight Outta Compton"},{"level_0":145,"budget":15000000.0,"genre":"Drama","imdb_score":8.0,"index":145,"movie_title":"The Artist"},{"level_0":146,"budget":28000000.0,"genre":"Drama","imdb_score":7.8,"index":146,"movie_title":"The Big Short"},{"level_0":147,"budget":19000000.0,"genre":"Drama","imdb_score":7.6,"index":147,"movie_title":"The Book Thief"},{"level_0":148,"budget":12000000.0,"genre":"Drama","imdb_score":7.8,"index":148,"movie_title":"The Fault in Our Stars"},{"level_0":149,"budget":25000000.0,"genre":"Drama","imdb_score":7.9,"index":149,"movie_title":"The Fighter"},{"level_0":150,"budget":90000000.0,"genre":"Drama","imdb_score":7.8,"index":150,"movie_title":"The Girl with the Dragon Tattoo"},{"level_0":151,"budget":25000000.0,"genre":"Drama","imdb_score":8.1,"index":151,"movie_title":"The Grand Budapest Hotel"},{"level_0":152,"budget":25000000.0,"genre":"Drama","imdb_score":8.1,"index":152,"movie_title":"The Help"},{"level_0":153,"budget":14000000.0,"genre":"Drama","imdb_score":8.1,"index":153,"movie_title":"The Imitation Game"},{"level_0":154,"budget":15000000.0,"genre":"Drama","imdb_score":8.0,"index":154,"movie_title":"The King's Speech"},{"level_0":155,"budget":81200000.0,"genre":"Drama","imdb_score":7.8,"index":155,"movie_title":"The Little Prince"},{"level_0":156,"budget":108000000.0,"genre":"Drama","imdb_score":8.1,"index":156,"movie_title":"The Martian"},{"level_0":157,"budget":13000000.0,"genre":"Drama","imdb_score":8.0,"index":157,"movie_title":"The Perks of Being a Wallflower"},{"level_0":158,"budget":135000000.0,"genre":"Drama","imdb_score":8.1,"index":158,"movie_title":"The Revenant"},{"level_0":159,"budget":40000000.0,"genre":"Drama","imdb_score":7.7,"index":159,"movie_title":"The Social Network"},{"level_0":160,"budget":15000000.0,"genre":"Drama","imdb_score":7.7,"index":160,"movie_title":"The Theory of Everything"},{"level_0":161,"budget":37000000.0,"genre":"Drama","imdb_score":7.6,"index":161,"movie_title":"The Town"},{"level_0":162,"budget":38000000.0,"genre":"Drama","imdb_score":7.7,"index":162,"movie_title":"True Grit"},{"level_0":163,"budget":25000000.0,"genre":"Drama","imdb_score":8.2,"index":163,"movie_title":"Warrior"},{"level_0":164,"budget":3300000.0,"genre":"Drama","imdb_score":8.5,"index":164,"movie_title":"Whiplash"},{"level_0":165,"budget":44500000.0,"genre":"Action","imdb_score":7.7,"index":165,"movie_title":"Argo"},{"level_0":166,"budget":165000000.0,"genre":"Action","imdb_score":7.9,"index":166,"movie_title":"Big Hero 6"},{"level_0":167,"budget":250000000.0,"genre":"Action","imdb_score":8.2,"index":167,"movie_title":"Captain America: Civil War"},{"level_0":168,"budget":170000000.0,"genre":"Action","imdb_score":7.8,"index":168,"movie_title":"Captain America: The Winter Soldier"},{"level_0":169,"budget":170000000.0,"genre":"Action","imdb_score":7.6,"index":169,"movie_title":"Dawn of the Planet of the Apes"},{"level_0":170,"budget":58000000.0,"genre":"Action","imdb_score":8.1,"index":170,"movie_title":"Deadpool"},{"level_0":171,"budget":178000000.0,"genre":"Action","imdb_score":7.9,"index":171,"movie_title":"Edge of Tomorrow"},{"level_0":172,"budget":68000000.0,"genre":"Action","imdb_score":7.6,"index":172,"movie_title":"Fury"},{"level_0":173,"budget":170000000.0,"genre":"Action","imdb_score":8.1,"index":173,"movie_title":"Guardians of the Galaxy"},{"level_0":174,"budget":145000000.0,"genre":"Action","imdb_score":7.9,"index":174,"movie_title":"How to Train Your Dragon 2"},{"level_0":175,"budget":165000000.0,"genre":"Action","imdb_score":8.2,"index":175,"movie_title":"How to Train Your Dragon"},{"level_0":176,"budget":160000000.0,"genre":"Action","imdb_score":8.8,"index":176,"movie_title":"Inception"},{"level_0":177,"budget":30000000.0,"genre":"Action","imdb_score":7.7,"index":177,"movie_title":"Kick-Ass"},{"level_0":178,"budget":40000000.0,"genre":"Action","imdb_score":7.6,"index":178,"movie_title":"Lone Survivor"},{"level_0":179,"budget":150000000.0,"genre":"Action","imdb_score":8.1,"index":179,"movie_title":"Mad Max: Fury Road"},{"level_0":180,"budget":93000000.0,"genre":"Action","imdb_score":7.6,"index":180,"movie_title":"Rise of the Planet of the Apes"},{"level_0":181,"budget":38000000.0,"genre":"Action","imdb_score":8.1,"index":181,"movie_title":"Rush"},{"level_0":182,"budget":60000000.0,"genre":"Action","imdb_score":7.5,"index":182,"movie_title":"Scott Pilgrim vs. the World"},{"level_0":183,"budget":30000000.0,"genre":"Action","imdb_score":7.6,"index":183,"movie_title":"Sicario"},{"level_0":184,"budget":200000000.0,"genre":"Action","imdb_score":7.8,"index":184,"movie_title":"Skyfall"},{"level_0":185,"budget":200000000.0,"genre":"Action","imdb_score":7.8,"index":185,"movie_title":"Skyfall"},{"level_0":186,"budget":190000000.0,"genre":"Action","imdb_score":7.8,"index":186,"movie_title":"Star Trek Into Darkness"},{"level_0":187,"budget":220000000.0,"genre":"Action","imdb_score":8.1,"index":187,"movie_title":"The Avengers"},{"level_0":188,"budget":220000000.0,"genre":"Action","imdb_score":8.1,"index":188,"movie_title":"The Avengers"},{"level_0":189,"budget":250000000.0,"genre":"Action","imdb_score":8.5,"index":189,"movie_title":"The Dark Knight Rises"},{"level_0":190,"budget":25000000.0,"genre":"Action","imdb_score":7.9,"index":190,"movie_title":"The Fighter"},{"level_0":191,"budget":130000000.0,"genre":"Action","imdb_score":7.6,"index":191,"movie_title":"The Hunger Games: Catching Fire"},{"level_0":192,"budget":60000000.0,"genre":"Action","imdb_score":7.8,"index":192,"movie_title":"The Lego Movie"},{"level_0":193,"budget":25000000.0,"genre":"Action","imdb_score":8.2,"index":193,"movie_title":"Warrior"},{"level_0":194,"budget":200000000.0,"genre":"Action","imdb_score":8.0,"index":194,"movie_title":"X-Men: Days of Future Past"},{"level_0":195,"budget":160000000.0,"genre":"Action","imdb_score":7.8,"index":195,"movie_title":"X-Men: First Class"},{"level_0":196,"budget":20000000.0,"genre":"Biography","imdb_score":8.1,"index":196,"movie_title":"12 Years a Slave"},{"level_0":197,"budget":18000000.0,"genre":"Biography","imdb_score":7.6,"index":197,"movie_title":"127 Hours"},{"level_0":198,"budget":44500000.0,"genre":"Biography","imdb_score":7.7,"index":198,"movie_title":"Argo"},{"level_0":199,"budget":55000000.0,"genre":"Biography","imdb_score":7.9,"index":199,"movie_title":"Captain Phillips"},{"level_0":200,"budget":5000000.0,"genre":"Biography","imdb_score":8.0,"index":200,"movie_title":"Dallas Buyers Club"},{"level_0":201,"budget":40000000.0,"genre":"Biography","imdb_score":7.6,"index":201,"movie_title":"Lone Survivor"},{"level_0":202,"budget":50000000.0,"genre":"Biography","imdb_score":7.6,"index":202,"movie_title":"Moneyball"},{"level_0":203,"budget":12000000.0,"genre":"Biography","imdb_score":7.6,"index":203,"movie_title":"Philomena"},{"level_0":204,"budget":38000000.0,"genre":"Biography","imdb_score":8.1,"index":204,"movie_title":"Rush"},{"level_0":205,"budget":28000000.0,"genre":"Biography","imdb_score":7.9,"index":205,"movie_title":"Straight Outta Compton"},{"level_0":206,"budget":28000000.0,"genre":"Biography","imdb_score":7.8,"index":206,"movie_title":"The Big Short"},{"level_0":207,"budget":25000000.0,"genre":"Biography","imdb_score":7.9,"index":207,"movie_title":"The Fighter"},{"level_0":208,"budget":14000000.0,"genre":"Biography","imdb_score":8.1,"index":208,"movie_title":"The Imitation Game"},{"level_0":209,"budget":15000000.0,"genre":"Biography","imdb_score":8.0,"index":209,"movie_title":"The King's Speech"},{"level_0":210,"budget":40000000.0,"genre":"Biography","imdb_score":7.7,"index":210,"movie_title":"The Social Network"},{"level_0":211,"budget":15000000.0,"genre":"Biography","imdb_score":7.7,"index":211,"movie_title":"The Theory of Everything"},{"level_0":212,"budget":100000000.0,"genre":"Biography","imdb_score":8.2,"index":212,"movie_title":"The Wolf of Wall Street"},{"level_0":213,"budget":18000000.0,"genre":"Adventure","imdb_score":7.6,"index":213,"movie_title":"127 Hours"},{"level_0":214,"budget":165000000.0,"genre":"Adventure","imdb_score":7.9,"index":214,"movie_title":"Big Hero 6"},{"level_0":215,"budget":250000000.0,"genre":"Adventure","imdb_score":8.2,"index":215,"movie_title":"Captain America: Civil War"},{"level_0":216,"budget":170000000.0,"genre":"Adventure","imdb_score":7.8,"index":216,"movie_title":"Captain America: The Winter Soldier"},{"level_0":217,"budget":170000000.0,"genre":"Adventure","imdb_score":7.6,"index":217,"movie_title":"Dawn of the Planet of the Apes"},{"level_0":218,"budget":58000000.0,"genre":"Adventure","imdb_score":8.1,"index":218,"movie_title":"Deadpool"},{"level_0":219,"budget":69000000.0,"genre":"Adventure","imdb_score":7.7,"index":219,"movie_title":"Despicable Me"},{"level_0":220,"budget":178000000.0,"genre":"Adventure","imdb_score":7.9,"index":220,"movie_title":"Edge of Tomorrow"},{"level_0":221,"budget":170000000.0,"genre":"Adventure","imdb_score":8.1,"index":221,"movie_title":"Guardians of the Galaxy"},{"level_0":222,"budget":145000000.0,"genre":"Adventure","imdb_score":7.9,"index":222,"movie_title":"How to Train Your Dragon 2"},{"level_0":223,"budget":165000000.0,"genre":"Adventure","imdb_score":8.2,"index":223,"movie_title":"How to Train Your Dragon"},{"level_0":224,"budget":170000000.0,"genre":"Adventure","imdb_score":7.5,"index":224,"movie_title":"Hugo"},{"level_0":225,"budget":160000000.0,"genre":"Adventure","imdb_score":8.8,"index":225,"movie_title":"Inception"},{"level_0":226,"budget":175000000.0,"genre":"Adventure","imdb_score":8.3,"index":226,"movie_title":"Inside Out"},{"level_0":227,"budget":165000000.0,"genre":"Adventure","imdb_score":8.6,"index":227,"movie_title":"Interstellar"},{"level_0":228,"budget":150000000.0,"genre":"Adventure","imdb_score":8.1,"index":228,"movie_title":"Mad Max: Fury Road"},{"level_0":229,"budget":16000000.0,"genre":"Adventure","imdb_score":7.8,"index":229,"movie_title":"Moonrise Kingdom"},{"level_0":230,"budget":12000000.0,"genre":"Adventure","imdb_score":7.8,"index":230,"movie_title":"Nebraska"},{"level_0":231,"budget":200000000.0,"genre":"Adventure","imdb_score":7.8,"index":231,"movie_title":"Skyfall"},{"level_0":232,"budget":200000000.0,"genre":"Adventure","imdb_score":7.8,"index":232,"movie_title":"Skyfall"},{"level_0":233,"budget":190000000.0,"genre":"Adventure","imdb_score":7.8,"index":233,"movie_title":"Star Trek Into Darkness"},{"level_0":234,"budget":260000000.0,"genre":"Adventure","imdb_score":7.8,"index":234,"movie_title":"Tangled"},{"level_0":235,"budget":25000000.0,"genre":"Adventure","imdb_score":8.1,"index":235,"movie_title":"The Grand Budapest Hotel"},{"level_0":236,"budget":180000000.0,"genre":"Adventure","imdb_score":7.9,"index":236,"movie_title":"The Hobbit: An Unexpected Journey"},{"level_0":237,"budget":225000000.0,"genre":"Adventure","imdb_score":7.9,"index":237,"movie_title":"The Hobbit: The Desolation of Smaug"},{"level_0":238,"budget":130000000.0,"genre":"Adventure","imdb_score":7.6,"index":238,"movie_title":"The Hunger Games: Catching Fire"},{"level_0":239,"budget":60000000.0,"genre":"Adventure","imdb_score":7.8,"index":239,"movie_title":"The Lego Movie"},{"level_0":240,"budget":81200000.0,"genre":"Adventure","imdb_score":7.8,"index":240,"movie_title":"The Little Prince"},{"level_0":241,"budget":108000000.0,"genre":"Adventure","imdb_score":8.1,"index":241,"movie_title":"The Martian"},{"level_0":242,"budget":135000000.0,"genre":"Adventure","imdb_score":8.1,"index":242,"movie_title":"The Revenant"},{"level_0":243,"budget":200000000.0,"genre":"Adventure","imdb_score":8.3,"index":243,"movie_title":"Toy Story 3"},{"level_0":244,"budget":38000000.0,"genre":"Adventure","imdb_score":7.7,"index":244,"movie_title":"True Grit"},{"level_0":245,"budget":165000000.0,"genre":"Adventure","imdb_score":7.8,"index":245,"movie_title":"Wreck-It Ralph"},{"level_0":246,"budget":200000000.0,"genre":"Adventure","imdb_score":8.0,"index":246,"movie_title":"X-Men: Days of Future Past"},{"level_0":247,"budget":160000000.0,"genre":"Adventure","imdb_score":7.8,"index":247,"movie_title":"X-Men: First Class"},{"level_0":248,"budget":3300000.0,"genre":"Music","imdb_score":8.5,"index":248,"movie_title":"Whiplash"}]}