[{"category":0,"name":"Adam McKay","value":1},{"category":0,"name":"Alejandro G. I\u00f1\u00e1rritu","value":2},{"category":0,"name":"Alex Garland","value":1},{"category":0,"name":"Alexander Payne","value":1},{"category":0,"name":"Alfonso Cuar\u00f3n","value":1},{"category":0,"name":"Anthony Russo","value":2},{"category":0,"name":"Ben Affleck","value":2},{"category":0,"name":"Bennett Miller","value":1},{"category":0,"name":"Brian Percival","value":1},{"category":0,"name":"Bryan Singer","value":1},{"category":0,"name":"Christopher Nolan","value":3},{"category":0,"name":"Damien Chazelle","value":1},{"category":0,"name":"Dan Gilroy","value":1},{"category":0,"name":"Danny Boyle","value":1},{"category":0,"name":"Darren Aronofsky","value":1},{"category":0,"name":"David Ayer","value":2},{"category":0,"name":"David Fincher","value":3},{"category":0,"name":"David O. Russell","value":2},{"category":0,"name":"Dean DeBlois","value":2},{"category":0,"name":"Denis Villeneuve","value":2},{"category":0,"name":"Don Hall","value":1},{"category":0,"name":"Doug Liman","value":1},{"category":0,"name":"Edgar Wright","value":1},{"category":0,"name":"Eli Craig","value":1},{"category":0,"name":"Ethan Coen","value":1},{"category":0,"name":"F. Gary Gray","value":1},{"category":0,"name":"Francis Lawrence","value":1},{"category":0,"name":"Gavin O'Connor","value":1},{"category":0,"name":"George Miller","value":1},{"category":0,"name":"J.J. Abrams","value":1},{"category":0,"name":"James Gunn","value":1},{"category":0,"name":"James Marsh","value":1},{"category":0,"name":"Jean-Marc Vall\u00e9e","value":1},{"category":0,"name":"Jonathan Levine","value":1},{"category":0,"name":"Josh Boone","value":1},{"category":0,"name":"Joss Whedon","value":2},{"category":0,"name":"Lee Unkrich","value":1},{"category":0,"name":"Mark Osborne","value":1},{"category":0,"name":"Martin Scorsese","value":3},{"category":0,"name":"Matt Reeves","value":1},{"category":0,"name":"Matthew Vaughn","value":2},{"category":0,"name":"Michael Haneke","value":1},{"category":0,"name":"Michel Hazanavicius","value":1},{"category":0,"name":"Morten Tyldum","value":1},{"category":0,"name":"Nathan Greno","value":1},{"category":0,"name":"Nicolas Winding Refn","value":1},{"category":0,"name":"Paul Greengrass","value":1},{"category":0,"name":"Pete Docter","value":1},{"category":0,"name":"Peter Berg","value":1},{"category":0,"name":"Peter Jackson","value":2},{"category":0,"name":"Phil Lord","value":1},{"category":0,"name":"Pierre Coffin","value":1},{"category":0,"name":"Quentin Tarantino","value":1},{"category":0,"name":"Rich Moore","value":1},{"category":0,"name":"Richard Curtis","value":1},{"category":0,"name":"Richard Linklater","value":2},{"category":0,"name":"Ridley Scott","value":1},{"category":0,"name":"Rob Reiner","value":1},{"category":0,"name":"Ron Howard","value":1},{"category":0,"name":"Rupert Wyatt","value":1},{"category":0,"name":"Ryan Coogler","value":1},{"category":0,"name":"Sam Mendes","value":2},{"category":0,"name":"Spike Jonze","value":1},{"category":0,"name":"Stephen Chbosky","value":1},{"category":0,"name":"Stephen Frears","value":1},{"category":0,"name":"Steve McQueen","value":1},{"category":0,"name":"Steven Spielberg","value":1},{"category":0,"name":"Tate Taylor","value":1},{"category":0,"name":"Tim Miller","value":1},{"category":0,"name":"Tom Hooper","value":1},{"category":0,"name":"Tom McCarthy","value":1},{"category":0,"name":"Wes Anderson","value":2},{"category":0,"name":"Woody Allen","value":1}]