{"schema": {"fields":[{"name":"country","type":"string"},{"name":"num","type":"integer"}],"primaryKey":["country"],"pandas_version":"0.20.0"}, "data": [{"country":"Australia","num":28},{"country":"Belgium","num":1},{"country":"Cameroon","num":1},{"country":"Canada","num":52},{"country":"Chile","num":1},{"country":"China","num":2},{"country":"Czech Republic","num":1},{"country":"Denmark","num":4},{"country":"France","num":45},{"country":"Germany","num":33},{"country":"Greece","num":1},{"country":"Hong Kong","num":1},{"country":"Iceland","num":1},{"country":"India","num":2},{"country":"Iran","num":1},{"country":"Ireland","num":7},{"country":"Italy","num":7},{"country":"Japan","num":2},{"country":"Kyrgyzstan","num":1},{"country":"Libya","num":1},{"country":"Mexico","num":1},{"country":"New Zealand","num":13},{"country":"Norway","num":2},{"country":"Panama","num":1},{"country":"Romania","num":1},{"country":"South Africa","num":3},{"country":"South Korea","num":2},{"country":"Spain","num":10},{"country":"United Kingdom","num":318},{"country":"United States","num":1938},{"country":"West Germany","num":1}]}