{"schema": {"fields":[{"name":"index","type":"string"},{"name":"values","type":"integer"}],"primaryKey":["index"],"pandas_version":"0.20.0"}, "data": [{"index":"Action","values":31},{"index":"Adventure","values":35},{"index":"Animation","values":10},{"index":"Biography","values":17},{"index":"Comedy","values":21},{"index":"Crime","values":10},{"index":"Drama","values":59},{"index":"Family","values":1},{"index":"Fantasy","values":4},{"index":"History","values":4},{"index":"Horror","values":1},{"index":"Music","values":1},{"index":"Mystery","values":6},{"index":"Romance","values":12},{"index":"Sci-Fi","values":17},{"index":"Sport","values":3},{"index":"Thriller","values":13},{"index":"War","values":2},{"index":"Western","values":2}]}